<?xml version="1.0" encoding="utf-8" ?>
<NewsFeeds>
  
    <NewsFeed author="Oteng Ramarea" id='20151'>
        <Title>Ford has done it again</Title>
        <Image>images/toyoRanger.jpg</Image>  
        <article>
          <paragraph>
            As one of the leading auto mobile vehicle company worldwide, Ford has struck again. The new release of Ford Ranger WildTrack is set for competition with the new release of Toyota D-4-D. The Ford Ranger set a new standard as a third generation ford. It has more comfort one can bargain for.
            </paragraph>
            <paragraph>
             The new Ford Ranger WildTrack is available at Fleet Cars Direct at unbeatable prices, get yourself one while stocks last. This is a power house car with 3.2 litres.
            </paragraph>
            <paragraph>
                "It has lifted Ford lovers and a has more fan base now than ever" Fleet Cars Direct Manager
            </paragraph>
        </article>
        <Date>09-May-2016</Date>
    </NewsFeed>

    <NewsFeed author="Lucky Rams" id='20152'>
        <Title>Fleet Cars Direct to boost their sales</Title>
        <Image>images/car.jpg</Image>
          <article>
              <paragraph>
          Through a series business and client meetings, Fleet Cars Direct has found ways to boost their sales.
              </paragraph>
              <paragraph>
With A little fall in sales for the past two years, Fleet Cars Direct have found their way to the top as most top auto mobile vehicle selling company. The Manager alluded to the fact the new partnerships with four most selling car brands will most definitely boost the company's sales and get it back on track.
              </paragraph>
              <paragraph>
    This happened because FCD understands what the customers need.
              </paragraph>
        </article>
        <Date>09-May-2016</Date>
    </NewsFeed>

        <NewsFeed author="Robert Richman" id='20153'>
        <Title>Car Motor shows to emulate Geneva Moto show towards success</Title>
        <Image>images/car1.jpg</Image>
        <article>
            <paragraph>
Geneva Motor show is the world biggest motor show and has forever been a success.
            </paragraph>
Motor shows around the world try to emulate Geneva motor show to reap off its winning strategies. 
            <paragraph>
A summit is to be held with the organising commity to share and teach on winning.
            </paragraph>

        </article>
        <Date>10-May-2016</Date>
    </NewsFeed>


</NewsFeeds>